<?xml version="1.0" encoding="UTF-8" standalone="yes"?>
<addon id="plugin.video.HeliosWizard18" 
       name="[COLOR blue]Helios[/COLOR] [COLOR white]Wizard18[/COLOR]" 
       version="3.0.0" 
       provider-name="Kodi Helios">
  <requires>
    <import addon="xbmc.python" version="2.1.0"/>
	<import addon="script.module.requests" version="2.9.1"/>
  </requires>
  <extension point="xbmc.python.pluginsource" library="default.py">
    <provides>video executable</provides>
  </extension>
  <extension point="xbmc.service" library="startup.py" start="startup" />
  <extension point="xbmc.addon.metadata">
    <summary lang="en"></summary>
    <description lang="en"></description>
    <platform>all</platform>
  </extension>
</addon>