<?xml version="1.0" encoding="UTF-8"?>
    <addon id="repository.axilleaskodi" name="axilleas Kodi" version="1.6" provider-name="axilleas Kodi">
        <extension point="xbmc.addon.repository" name="repository.axilleaskodi">
            <dir>
                <info compressed="false">http://axilleas.freehostia.com/zip/addons.xml</info>
                <checksum>http://axilleas.freehostia.com/zip/addons.xml.md5</checksum>
                <datadir zip="true">https://github.com/gama-to/axilleaskodi/tree/main/zip</datadir>
                <hashes>false</hashes>
            </dir>
            <dir>
                <info compressed="false"></info>
                <checksum></checksum>
                <datadir zip="true"></datadir>
                <hashes>false</hashes>
            </dir>
			<dir>
				<info compressed="false"></info>
				<checksum></checksum>
				<datadir zip="true"></datadir>
            </dir>
        </extension>
        <extension point="xbmc.addon.metadata">
            <summary></summary>
            <description></description>
            <platform>all</platform>
            <assets>
                <icon>icon.png</icon>
                <fanart>icon.png</fanart>
            </assets>
        </extension>
</addon>
